Date,Country,City,Latitude,Longitude,Max Temperature,Humidity,Cloudiness,Wind Speed
1542495600,CL,punta arenas,-53.16,-70.91,285.15,54,75,4.6
1542497598,RU,klyuchi,52.25,79.17,266.72,90,88,3.77
1542497598,NZ,taolanaro,-46.19,168.86,281.97,79,76,9.02
1542497599,PT,mataura,38.52,-28.7,290.945,99,68,5.62
1542497599,RU,ribeira grande,70.62,147.9,250.12,69,64,1.37
1542495600,JP,chokurdakh,35.73,140.83,284.15,87,75,3.6
1542497599,PK,hasaki,28.58,65.42,283.22,84,8,1.12
1542497600,RU,kharan,71.97,114.09,250.445,66,68,1.57
1542495360,US,saskylakh,22.08,-159.32,300.35,58,40,8.7
1542497600,RU,kapaa,55.55,98.67,256.595,76,64,1.22
1542495600,AR,alzamay,-33.01,-68.8,296.15,31,20,5.1
1542497601,PF,russell,-9.8,-139.03,299.895,100,0,6.12
1542495000,LT,atuona,55.77,23.77,277.15,93,90,5.1
1542495600,ES,seduva,43.48,-8.23,286.15,76,0,2.1
1542495600,AR,ferrol,-54.81,-68.31,284.15,34,40,4.6
1542495600,MU,ushuaia,-20.34,57.76,296.15,88,75,4.6
1542497602,AU,bambous virieux,-28.95,153.24,293.145,84,80,3.37
1542497603,NZ,codrington,-35.17,173.16,292.195,71,64,2.42
1542497604,GL,ahipara,72.79,-56.15,266.645,100,92,6.82
1542497604,NZ,upernavik,-46.28,169.85,280.87,94,80,9.72
1542495600,CA,kaitangata,69.44,-133.03,254.15,84,75,9.3
1542497605,RU,tuktoyaktuk,68.75,161.3,245.72,77,36,1.77
1542495600,CN,cherskiy,30.43,103.62,280.15,100,20,2
1542497605,IE,sanchazi,53.8,-9.52,281.545,92,0,7.52
1542497606,RU,westport,64.42,-173.23,273.945,100,80,7.87
1542497606,RU,provideniya,47.24,47.04,272.97,80,92,2.92
1542492000,TT,yenotayevka,10.24,-61.45,300.15,88,20,4.1
1542495600,CA,esperance,62.45,-114.38,253.15,76,75,4.1
1542497607,MN,yellowknife,45.76,106.27,256.395,85,48,1.37
1542497542,IR,mandalgovi,31.03,61.49,288.645,100,0,6.77
1542495600,GT,zabol,14.51,-92.19,303.15,74,20,2.1
1542497607,PF,ocos,-23.12,-134.97,297.995,100,8,4.82
1542495600,PT,rikitea,37.73,-25.67,286.15,66,40,5.1
1542497608,RU,amderma,51.85,109.91,256.595,53,32,2.77
1542495600,CA,ponta delgada,49.84,-124.52,280.15,100,40,1.82
1542495240,US,kizhinga,42.65,-73.75,277.05,64,90,5.1
1542497609,SB,powell river,-8.15,159.59,300.295,100,44,1.37
1542495360,GB,albany,52.47,1.45,280.15,93,0,3.1
1542497611,RU,buala,60.26,37.97,274.895,96,92,3.82
1542494820,MX,broome,22.89,-109.91,299.15,41,20,4.6
1542497612,AU,lipin bor,-20.74,116.85,307.645,19,0,7.72
1542497612,RU,cabo san lucas,62.1,126.7,248.97,74,56,3.62
1542495000,GL,karratha,60.91,-46.05,270.15,86,44,0.72
1542497613,ZA,berdigestyakh,-28.77,32.06,293.22,83,68,4.92
1542495360,US,narsaq,19.71,-155.08,298.75,81,40,7.82
1542495600,AR,richards bay,-45.87,-67.48,294.15,71,40,7.2
1542497614,AU,hilo,-23.58,149.07,299.445,60,64,4.67
1542497614,PH,comodoro rivadavia,13.32,122.68,300.07,100,36,5.92
1542495600,AU,bluff,-42.78,147.06,287.15,58,75,3.1
1542495600,BO,illoqqortoormiut,-16.5,-68.19,285.15,62,75,3.1
1542497616,IN,san andres,15.34,74.49,292.82,95,8,1.07
1542497616,TD,new norfolk,13.64,16.49,293.12,44,0,1.62
1542495600,CK,el alto,-21.21,-159.78,300.15,74,40,4.1
1542497617,CD,vaini,-2.81,17.72,296.22,96,8,0.92
1542495600,ZA,moussoro,-33.93,18.42,290.15,59,0,9.8
1542495600,CN,avarua,32.07,118.81,282.15,93,90,3
1542497618,ZA,isaka,-34.42,19.24,284.545,89,12,2.52
1542497618,RU,cape town,67.46,153.71,248.22,61,64,1.12
1542495420,US,halalo,21.35,-158.09,300.35,58,40,4.1
1542497619,KI,xuanwu,3.07,172.79,302.22,100,44,4.27
1542495600,NZ,barentsburg,-43.53,172.64,291.15,68,0,5.1
1542497620,AU,hermanus,-33.64,115.35,290.745,100,44,6.57
1542495600,RU,maridi,59.7,30.79,278.15,80,75,7
1542497620,ER,srednekolymsk,13.93,41.69,292.545,94,0,0.67
1542497621,CL,sentyabrskiy,-42.48,-73.76,283.62,87,92,3.12
1542497621,GL,makakilo city,77.48,-69.36,254.82,100,48,3.12
1542497451,PK,butaritari,31.33,73.42,287.695,88,0,2.32
1542497622,MG,christchurch,-21.17,46.6,287.295,99,48,1.12
1542495600,JP,busselton,35.74,139.53,286.15,67,90,2.6
1542495180,US,nikolskoye,60.79,-161.76,274.25,96,90,2.6
1542497625,ID,edd,-3.5,104.19,296.845,98,12,1.77
1542497626,RU,castro,54.17,103.03,257.845,100,68,1.67
1542497626,PL,qaanaaq,50.97,18.21,267.87,96,12,2.32
1542497626,MM,jaranwala,20.15,94.92,291.045,91,0,1.52
1542495480,US,ikalamavony,32.36,-88.7,287.05,71,1,0.92
1542497627,CN,nishihara,29.94,119.31,283.32,99,92,1.52
1542497627,EE,bethel,59.1,26.19,277.72,90,0,5.82
1542497628,RU,prabumulih,51.68,102.13,241.045,33,0,0.87
1542495360,US,ust-uda,39.31,-74.98,279.25,79,40,3.32
1542495360,US,kluczbork,45.63,-122.67,289.25,31,1,6.7
1542495420,US,magway,34.15,-119.2,297.05,67,75,2.6
1542497629,PK,meridian,25.21,64.64,297.295,94,48,2.57
1542495600,CA,hecun,70.47,-68.59,242.15,74,20,1.67
1542497630,RU,vao,55.35,78.35,264.745,90,88,4.22
1542495600,IS,bolungarvik,63.84,-22.43,282.15,100,90,17
1542497631,CO,kyren,5.83,-72.84,285.37,96,88,0.77
1542497631,CN,port elizabeth,42.84,93.51,261.845,65,0,2.27
1542497632,ID,vancouver,4.14,96.13,298.995,100,76,2.47
1542497632,BD,nizhneyansk,22.3,91.98,295.07,100,0,1.87
1542497632,AU,tsihombe,-34.72,135.86,294.445,67,0,6.02
1542495600,SR,port hueneme,5.06,-54.98,299.15,94,20,2.6
1542497633,RU,ormara,52.65,90.1,257.845,90,64,0.92
1542495000,MX,clyde river,20.71,-105.21,302.15,45,90,3.1
1542495600,US,barabinsk,37.66,-121.87,292.15,23,1,2.1
1542497634,RU,olafsvik,71.98,102.47,256.395,79,76,4.82
1542495000,SV,grindavik,13.73,-89.37,302.15,57,0,3.6
1542497634,JP,korla,43.32,145.57,279.62,100,36,5.42
1542497635,NA,corrales,-26.65,15.16,288.72,72,8,10.32
1542497635,CN,sahrak,31.78,111.84,276.345,94,68,1.62
1542497636,GR,hami,39.45,22.34,277.895,99,92,2.22
1542497636,IN,meulaboh,16.33,75.29,292.895,95,20,1.22
1542497636,LR,patiya,6.75,-11.37,300.32,100,80,3.12
1542495000,NO,port lincoln,59.81,5.27,279.15,87,32,2.1
1542497637,MG,brokopondo,-19.9,48.8,294.145,99,80,0.62
1542497637,PG,abaza,-2.02,147.27,301.995,100,36,2.27
1542492000,BR,ixtapa,-10.65,-68.5,300.15,88,75,2.6
1542497638,RU,pleasanton,63.93,31.65,276.12,78,88,6.37
1542497638,RU,marcona,71.64,128.87,248.495,59,0,3.32
1542497638,AU,khatanga,-33.21,138.6,295.645,30,0,5.02
1542497345,BR,lourdes,-5.2,-35.46,298.945,87,8,6.62
1542497639,AO,nemuro,-17.07,15.73,298.695,18,76,2.87
1542497639,CN,luderitz,40.29,97.04,260.345,54,0,1.67
1542497639,AR,nanzhang,-46.43,-67.52,290.545,38,20,3.57
1542497640,GN,saint george,10.7,-14.37,295.795,88,48,0.87
1542495600,ET,mudhol,8.96,38.73,285.15,81,20,3.1
1542495600,CN,robertsport,44.43,125.17,268.15,79,0,3
1542497640,ZA,rubbestadneset,-33.59,26.89,290.37,92,76,2.77
1542497641,ID,mahanoro,-8.84,121.65,302.22,98,68,1.67
1542495600,EC,lorengau,-0.74,-90.35,297.15,73,75,6.7
1542495000,CU,xapuri,22.19,-78.91,300.15,74,40,6.2
1542495600,FR,muyezerskiy,46.42,3.91,276.15,86,0,2.6
1542497465,SO,tiksi,2.04,45.34,299.895,100,44,1.37
1542495600,ZA,jamestown,-34.53,20.04,288.15,67,20,1.5
1542497643,RU,touros,60.47,166.1,246.62,92,36,1.32
1542495600,AU,ondjiva,-42.88,147.33,287.15,58,75,3.1
1542497644,NZ,yumen,-46.13,167.69,278.495,100,92,8.32
1542497644,BW,mar del plata,-21.53,21.93,294.095,23,0,2.77
1542497644,MV,sangueya,-0.6,73.08,300.845,100,0,5.42
1542497645,NC,lebu,-20.95,164.69,297.62,93,8,4.27
1542497340,CA,nongan,49.78,-74.86,261.15,78,90,4.6
1542495600,CA,port alfred,54.32,-130.32,282.15,66,90,4.1
1542495600,FR,ende,49.65,0.71,279.15,87,0,5.1
1542495600,GY,puerto ayora,6.8,-58.16,299.15,88,20,3.1
1542497647,RU,chambas,59.65,67.41,265.07,84,68,1.82
1542497647,CU,mys shmidta,22.9,-83.16,297.495,80,76,3.37
1542495600,RU,saint-francois,53.14,59.15,271.15,92,90,2
1542497648,IN,mogadishu,17.55,80.63,295.87,98,88,1.42
1542497648,PG,khonuu,-4.34,152.27,298.12,100,92,2.72
1542495360,US,bredasdorp,46.54,-87.4,268.75,67,40,2.6
1542495600,FR,tilichiki,45.6,-0.6,282.15,87,90,3.6
1542497649,RU,hobart,63.45,120.31,246.82,69,0,2.52
1542495600,US,tuatapere,37.46,-122.43,292.15,76,1,1.97
1542495000,SE,vaitupu,57.64,18.3,279.15,93,44,4.6
1542495600,CL,belushya guba,-36.72,-73.12,288.15,67,0,5.7
1542497650,TL,dekar,-8.93,125.41,298.345,90,24,0.72
1542497651,CL,hithadhoo,-41.87,-73.83,284.07,84,92,3.22
1542495120,CU,voh,22.56,-79.83,297.15,88,75,4.1
1542497652,MZ,chapais,-16.23,39.91,298.945,100,0,2.22
1542496500,CA,prince rupert,45.36,-73.48,273.25,86,90,5.1
1542497652,RU,mrirt,56.55,84.09,262.045,94,80,2.32
1542495600,CA,veraval,68.22,-135.01,255.15,77,75,5.1
1542492000,CO,georgetown,8.13,-76.58,299.15,88,75,1.12
1542497653,BR,kondinskoye,-2.92,-39.92,299.37,77,0,6.97
1542497654,RU,bahia honda,65.58,-170.99,273.82,100,92,8.97
1542497654,ID,svetlogorsk,-0.91,122.88,302.745,80,0,1.07
1542495600,RU,svetlyy,45.11,39.9,273.15,100,90,2
1542497655,NA,kottagudem,-22.12,14.28,289.345,96,0,3.22
1542495600,BR,kokopo,-7.74,-72.65,298.15,94,75,1
1542497655,IN,marquette,30.78,78.62,272.62,66,48,0.77
1542495600,CL,souillac,-20.22,-70.14,292.15,68,75,6.7
1542495600,SN,verkhnevilyuysk,14.69,-17.45,295.15,94,80,4.1
1542495000,SE,half moon bay,58.6,13.44,279.15,93,0,2.1
1542495600,CA,visby,65.28,-126.83,261.15,66,75,7.7
1542497657,RU,talcahuano,56.73,85.44,258.22,77,68,2.07
1542496500,US,airai,30.3,-99.24,294.25,65,1,4.6
1542495780,US,ancud,34.64,-120.46,294.15,72,1,5.1
1542495600,ES,canoa,42.13,-1.14,286.15,93,75,3.1
1542497658,BO,angoche,-19.05,-65.26,286.72,67,92,0.87
1542495360,US,saint-philippe,40.83,-115.76,283.75,37,20,2.1
1542497658,ZA,melnikovo,-34,24.73,287.57,91,8,3.22
1542494520,MX,aklavik,28.39,-105.62,294.15,19,5,5.1
1542495480,US,grand centre,64.86,-147.8,258.75,88,1,1.67
1542497659,CN,caracoli,32.07,116.17,280.495,100,92,3.77
1542495000,GL,itarema,65.61,-37.64,278.15,80,92,15.4
1542497573,BR,lavrentiya,-20.63,-46,297.045,60,80,3.47
1542497417,AU,biak,-24.87,152.35,296.295,100,64,4.72
1542495000,GB,novolabinskaya,51.04,-4.21,280.15,87,0,8.2
1542497660,PF,henties bay,-16.48,-151.75,301.12,99,80,5.92
1542495600,CA,rodrigues alves,55.74,-97.86,257.15,77,75,2.6
1542495600,CA,lata,49.72,-86.95,258.15,77,20,3.6
1542497661,ZA,iquique,-33.02,27.91,291.645,100,48,3.87
1542495600,CL,bengkulu,-45.58,-72.07,285.15,62,75,1.5
1542497662,CA,dakar,50.56,-96.99,262.22,85,0,7.97
1542497663,RU,skagen,69.38,178.42,260.97,100,88,8.62
1542497663,RU,norman wells,45.43,40.58,273.295,98,92,3.42
1542497663,RU,tahta,69.7,170.27,259.295,100,56,2.57
1542497663,RU,oktyabrskoye,49.38,40.15,265.82,65,48,2.02
1542497664,VN,harper,10.02,105.08,298.12,100,24,2.07
1542495600,AR,lompoc,-39.03,-67.58,294.15,35,20,5.1
1542497664,MX,ejea de los caballeros,27.97,-114.04,292.995,63,20,3.82
1542495600,PH,sucre,14.29,120.72,300.15,83,40,1
1542495600,AW,elko,12.52,-70.03,301.15,74,20,8.2
1542495600,MU,kruisfontein,-20.01,57.66,296.15,88,75,4.6
1542497665,US,lazaro cardenas,37.17,-99.65,274.345,65,88,7.42
1542497666,AU,college,-41.05,145.91,287.57,99,0,4.32
1542497666,OM,gorno-chuyskiy,22.93,57.53,291.72,56,92,1.37
1542495000,NO,changji,78.22,15.63,276.15,74,75,17
1542497667,MV,tasiilaq,0.53,72.93,302.07,97,20,5.82
1542497667,ZA,ponta do sol,-30.97,22.13,286.62,34,56,1.52
1542495600,BR,bundaberg,-3.71,-38.6,301.15,69,0,5.1
1542495600,RU,northam,53.05,158.65,276.15,93,90,4
1542497668,RU,faanui,58.84,125.49,250.87,75,68,1.37
1542495000,FO,thompson,61.56,-6.81,280.15,93,0,7.2
1542497669,NC,geraldton,-20.78,165.23,298.595,69,20,0.07
1542497669,RU,east london,66.77,123.37,243.145,65,20,1.37
1542497670,SL,taburi,7.99,-10.85,294.37,99,68,1.62
1542495600,MU,coihaique,-19.98,57.61,296.15,88,75,4.6
1542495600,CL,husavik,-29.95,-71.34,290.15,77,0,5.1
1542495000,TR,krasnoselkup,36.95,36.2,281.15,87,0,1
1542497671,EG,leningradskiy,28.42,30.79,281.595,85,0,1.22
1542497400,IN,kropotkin,27.98,94.69,288.15,93,20,0.77
1542495600,MU,pevek,-20.21,57.76,296.15,88,75,4.6
1542497672,CD,chertkovo,-0.28,20.88,296.045,96,64,0.47
1542497672,ID,rach gia,1.74,98.78,293.82,100,64,0.72
1542497673,IN,general roca,28.92,79.97,282.72,83,0,1.17
1542495600,JP,guerrero negro,33.51,132.54,285.15,81,40,5.1
1542495600,PT,ternate,37.72,-25.43,286.15,66,40,5.1
1542495600,UA,oranjestad,49.94,30.53,263.15,92,0,1
1542495600,JP,grand gaube,44.15,142.46,275.15,74,75,2.6
1542497674,BR,sitka,-22.97,-42.02,297.095,93,92,3.62
1542497674,LY,burnie,30.75,20.22,290.72,32,88,4.57
1542497675,RU,tanggu,48.58,45.77,269.495,75,56,1.62
1542495600,CA,nizwa,47.66,-52.73,274.15,100,90,10.8
1542495600,RU,longyearbyen,59.56,150.8,251.15,83,88,10.97
1542497675,RU,thinadhoo,51.68,79.77,264.745,85,68,2.77
1542497676,PH,carnarvon,12.22,125.48,299.045,100,80,2.92
1542497676,CN,vila velha,35.75,114.29,276.87,58,88,2.92
1542497676,RU,petropavlovsk-kamchatskiy,68.06,166.44,235.145,68,8,0.77
1542497677,RU,grand river south east,63.01,112.47,250.87,100,24,2.47
1542497677,BR,nizhniy kuranakh,-0.41,-65.02,300.345,84,20,1.82
1542495600,FR,saleaula,46.12,3.42,279.15,81,90,1.5
1542497677,IR,borlange,27.66,54.32,279.22,83,0,0.87
1542497678,BF,tvoroyri,13.58,-2.42,294.045,57,0,1.37
1542495600,BR,touho,-7.47,-34.81,299.15,78,0,3.1
1542495000,IL,zhigansk,31.8,34.94,288.15,82,0,1.5
1542497679,CN,daru,43.84,126.54,263.495,60,0,1.22
1542497679,LY,cap malheureux,27.03,14.43,295.82,32,76,2.47
1542495000,FO,coquimbo,62.23,-6.59,280.15,93,0,7.2
1542497680,ID,erzin,-3.99,122.52,297.12,99,80,1.62
1542492000,BR,louisbourg,-11.02,-68.77,300.15,88,75,2.6
1542497680,BR,matay,-30.17,-50.22,297.37,63,92,7.52
1542495600,JP,basar,37.4,136.9,282.15,76,75,2.1
1542496500,US,quatre cocos,39.62,-77.74,278.15,61,1,1.17
1542495180,US,boende,44.29,-105.5,267.55,77,1,4.1
1542497681,RU,sibolga,50.36,108.75,252.72,72,48,1.07
1542497682,PH,khatima,12.45,125.29,300.395,100,92,6.52
1542497682,PH,ozu,13.06,121.41,296.695,100,88,1.52
1542495600,RS,vila franca do campo,44.86,21.37,276.15,64,40,2.6
1542495600,CA,kuli,50.7,-127.42,280.15,81,40,2.1
1542497683,NO,shibetsu,67.67,12.69,281.445,100,80,2.57
1542497683,US,arraial do cabo,39.52,-111.59,276.595,54,92,1.22
1542495600,PY,ajdabiya,-25.4,-55.27,301.15,65,0,5.1
1542497684,CN,kapustin yar,31.81,121.66,285.595,100,92,5.17
1542497685,RU,torbay,62.16,45.12,274.57,98,92,1.87
1542495240,US,magadan,41.39,-78.88,274.25,92,90,3.1
1542497686,MM,malinovoye ozero,22.91,93.68,281.37,86,0,0.97
1542497686,MN,alugan,46.68,113.28,260.195,71,76,5.27
1542495600,IN,hebi,12.8,74.85,297.15,88,20,1.5
1542497687,UY,bilibino,-34.48,-54.34,292.745,88,80,3.77
1542497687,NO,chernyshevskiy,61.53,10.14,265.495,74,0,1.17
1542497687,RU,santa isabel do rio negro,73.51,80.55,261.595,85,8,8.27
1542495600,AE,vichy,24.47,54.37,300.15,78,20,5.1
1542497688,ID,lar,-7.95,110.28,298.845,84,44,1.82
1542497688,BR,attawapiskat,-5.81,-61.3,299.895,88,0,0.72
1542497688,CV,ouahigouya,14.9,-24.5,297.045,100,0,3.87
1542496740,US,pitimbu,41.31,-105.59,264.85,87,90,3.6
1542494940,MX,gizo,21.05,-89.07,298.15,53,5,5.1
1542497689,RU,jilin,62.71,56.19,273.195,97,88,2.07
1542495600,MU,sabha,-20.41,57.7,296.15,88,75,4.6
1542497690,RU,klaksvik,62,132.43,252.07,70,88,2.57
1542497608,ET,kendari,8.15,35.53,288.22,97,36,1.17
1542495360,US,cobija,29.36,-100.9,294.95,49,1,4.1
1542495600,RU,cidreira,53.6,91.39,259.15,84,40,1.37
1542497691,RU,wajima,61.69,53.69,273.62,99,92,1.42
1542497691,IN,vardo,10.57,72.64,300.12,100,80,7.02
1542495000,AT,gillette,48.64,13.53,274.15,69,0,3.6
1542497692,PT,krasnyy chikoy,41.42,-6.55,279.495,95,80,2.02
1542497692,MX,anito,18.62,-100.35,296.87,40,0,0.92
1542497693,RU,socorro,63.05,179.32,269.595,100,80,10.87
1542497693,CA,socol,60.75,-137.51,268.12,95,88,1.12
1542495600,JP,port hardy,33.93,134.5,283.15,87,20,2.6
1542495300,BE,sorland,50.78,4.24,277.15,80,0,3.1
1542497694,LY,moroni,29.03,21.55,288.845,34,76,4.72
1542493800,PK,doctor juan leon mallorquin,33.67,72.7,286.15,66,0,1.42
1542497695,RU,qidong,61.68,96.39,248.82,55,44,1.77
1542497609,PT,dvinskoy,40.36,-7.35,285.295,92,100,5.22
1542495600,US,arroyo,37.44,-122.16,292.15,66,1,3.1
1542497696,PG,falam,-2.67,141.3,301.545,100,64,1.97
1542495180,US,baruun-urt,39.95,-94.76,272.55,85,90,8.7
1542495360,US,ullal,45.52,-122.67,289.25,32,20,9.8
1542497696,RU,rocha,55.93,158.7,259.395,74,48,1.22
1542495000,GL,ringebu,69.22,-51.1,268.15,79,92,8.2
1542492000,BR,dikson,-21.64,-41.05,297.15,83,0,4.1
1542495000,GR,abu dhabi,35.1,24.68,289.15,87,75,4.97
1542495600,AM,kuche,39.72,45.65,278.15,60,80,1
1542495360,US,bambanglipuro,39.15,-123.21,293.15,18,1,2.1
1542496020,US,manicore,41.47,-87.06,276.45,82,90,2.1
1542495600,AR,sao filipe,-24.79,-65.41,302.15,48,20,3.1
1542492000,JP,laramie,24.8,125.28,295.15,94,75,2.1
1542494820,MX,teya,16.86,-99.88,303.15,70,5,2.6
1542497699,UY,troitsko-pechorsk,-33.69,-53.46,292.695,98,92,4.22
1542497699,BR,mahebourg,-17.73,-39.27,299.345,99,92,7.27
1542497700,ID,churapcha,-0.87,134.08,301.87,98,92,1.42
1542497700,MR,gore,20.52,-13.05,288.195,58,20,0.92
1542495360,DE,del rio,49.98,6.89,276.15,71,1,8.2
1542497701,SD,belyy yar,11.01,29.72,292.32,33,0,3.32
1542495060,US,ust-kulom,38.48,-82.64,279.85,70,1,2.1
1542495000,IT,kavaratti,40.92,9.49,284.15,87,75,3.1
1542495600,CA,wanning,63.75,-68.52,254.15,64,75,1.67
1542495600,JP,saldanha,36.66,137.31,284.15,76,75,1.5
1542497702,SA,grajau,21.43,39.83,289.795,88,24,1.37
1542497702,PK,coahuayana,29.04,67.82,288.795,88,0,1.22
1542495000,NO,labutta,63.83,10.7,278.15,100,40,1.5
1542497703,RU,beringovskiy,67.55,63.78,265.345,91,92,6.52
1542497703,RU,haines junction,59.14,68.9,264.545,88,68,1.37
1542492000,LA,katsuura,20.27,100.41,295.15,94,20,1.32
1542495600,FR,sint-pieters-leeuw,48.95,4.24,278.15,86,0,3.1
1542497705,BW,jalu,-21.2,24.86,296.345,23,0,5.17
1542497559,BR,jhang,-28.66,-56,294.045,98,92,1.37
1542497706,RU,baykit,60.42,134.54,255.445,73,88,1.62
1542497706,KZ,belmonte,43.6,73.76,254.145,69,32,1.37
1542495600,PE,palo alto,-13.71,-76.2,295.15,30,0,7.7
1542495600,CA,vanimo,46.36,-62.25,271.15,79,90,4.6
1542496500,US,kodiak,31.71,-98.99,294.95,43,1,4.12
1542495600,GW,portland,11.28,-15.83,298.15,83,0,3.1
1542497708,RU,esso,65.95,111.51,241.845,34,12,1.32
1542497708,RU,ilulissat,65.73,150.89,249.12,75,80,1.22
1542495600,IN,sao joao da barra,8.88,76.6,298.15,94,20,1.5
1542497709,CM,ayia galini,4.44,14.36,293.82,89,0,1.07
1542495000,TR,saravan,37.57,32.77,276.15,93,75,1.22
1542495600,ES,ukiah,38.18,-1.13,290.15,87,0,1
1542497711,AR,valparaiso,-34.61,-68.33,291.22,16,0,7.72
1542495600,AU,salta,-25.24,130.99,300.15,34,0,3.1
1542495600,VE,hirara,10.47,-66.54,300.15,74,40,1.5
1542495600,AU,acapulco,-15.77,128.74,299.15,83,64,1.5
1542495000,CH,lar gerd,46.08,7.22,274.15,86,0,0.5
1542497712,PY,chuy,-26.98,-56.83,297.745,94,92,1.52
1542495600,PT,caravelas,38.7,-9.42,290.15,87,75,5.1
1542495060,MX,manokwari,27.52,-110.01,300.15,34,5,1.5
1542495600,CA,atar,47.38,-61.86,273.15,100,75,7.2
1542497459,CN,wittlich,26.25,105.93,276.795,98,92,5.57
1542497714,IN,kaduqli,18.81,82.72,288.745,88,12,0.97
1542495600,AR,ashland,-41.13,-71.31,282.15,61,40,11.3
1542497714,IS,olbia,63.44,-20.27,282.47,92,92,16.37
1542495000,SE,iqaluit,63.29,18.72,278.15,65,0,4.6
1542495600,AI,tateyama,18.22,-63.06,300.15,73,20,4.1
1542497715,PE,mecca,-10.07,-78.15,291.87,71,0,1.57
1542497715,NI,bhag,13.92,-84.4,298.145,82,76,2.42
1542492000,SB,hovd,-9.43,159.96,304.15,66,75,2.6
1542497716,LY,komsomolskiy,26.59,12.77,300.245,15,80,6.77
1542495600,CA,solovetskiy,47.33,-79.44,264.15,66,90,4.1
1542497717,LK,uvat,6.12,81.12,298.795,100,88,1.87
1542497717,IN,chiang khong,30.62,78.32,272.62,66,48,0.77
1542495600,UZ,wulanhaote,40.56,65.69,273.15,70,12,4.1
1542497717,AU,saint-pierre,-35.71,150.18,290.47,83,0,1.62
1542497718,RU,mopipi,66.32,-179.17,267.37,90,92,4.82
1542496500,US,vestbygda,35.54,-100.96,273.65,93,90,7.7
1542497718,SB,sao borja,-10.46,161.92,300.695,100,64,4.82
1542497719,CN,ust-maya,32.02,116.14,280.495,100,92,3.77
1542495600,AR,shu,-51.62,-69.22,284.15,53,0,11.8
1542496560,US,pisco,26.19,-97.7,299.25,76,90,5.7
1542497720,BR,artyk,-9.01,-35.22,298.645,90,92,4.32
1542497720,CN,souris,40.73,124.78,265.87,67,0,1.07
1542497720,CF,brownwood,6.54,21.99,291.395,77,0,1.22
1542495000,GB,bubaque,57.47,-1.78,282.15,81,90,4.6
1542497721,RU,aykhal,59.95,56.29,272.845,94,92,3.32
1542495600,BB,zyryanka,13.22,-59.52,299.15,78,75,8.7
1542497721,KZ,kollam,43.35,52.85,274.845,76,100,2.87
1542497722,EC,batouri,-0.91,-77.81,291.47,89,68,0.92
1542497722,IN,cumra,24.08,91.6,290.645,90,0,0.97
1542497722,MV,fortuna,5.67,73,302.045,99,100,3.77
1542497723,RU,san rafael,50.68,156.12,275.72,100,44,7.52
1542495000,IT,yulara,44.6,8.98,284.15,100,0,5.7
1542497723,BR,guatire,-23.02,-48.01,293.645,96,76,1.22
1542495900,US,kununurra,40.48,-106.83,274.15,100,90,1.42
1542497724,CN,samusu,32.78,116.82,279.32,100,92,2.87
1542495360,US,bagnes,41.7,-71.42,280.95,52,75,2.6
1542497724,NZ,san patricio,-39.94,176.59,292.87,52,64,6.32
1542495600,ES,cascais,42.77,-9.06,286.15,71,0,2.6
1542495600,CA,laguna,52.98,-122.49,272.15,74,90,5.7
1542495600,IR,cap-aux-meules,32.33,50.85,273.15,65,0,1
1542495300,CU,anshun,22.73,-82.31,297.15,83,75,4.1
1542497726,PH,koraput,8,124.29,294.795,100,32,1.37
1542495600,PT,san carlos de bariloche,33.08,-16.33,289.15,67,20,10.3
1542497726,RU,vestmannaeyjar,68.05,39.51,273.32,87,88,13.77
1542495300,US,ornskoldsvik,36.62,-121.92,291.15,71,75,2.6
1542497590,AU,the valley,-37.83,140.78,292.145,69,0,1.62
1542497727,RU,huarmey,58.17,57.11,271.695,94,92,4.72
1542495000,NO,rosita,63.12,7.73,279.15,100,8,5.7
1542497728,TC,honiara,21.46,-71.14,300.745,99,0,5.22
1542495300,US,awbari,34.76,-112.45,289.15,14,1,3.1
1542495600,EG,bo,24.09,32.9,291.15,42,0,3.1
1542492000,BR,ville-marie,-29.69,-53.81,293.15,94,75,1
1542496500,CA,hambantota,49.4,-98.5,262.15,100,0,3.1
1542497729,CN,dunda,29.72,112.52,279.97,97,92,7.07
1542495600,JP,nurota,36.58,137.08,284.15,76,75,1.5
1542497730,BS,batemans bay,26.54,-77.06,298.37,100,0,6.37
1542497730,VU,egvekinot,-15.51,167.18,299.045,100,12,4.22
1542495360,US,pampa,30.44,-86.61,290.15,80,1,1.57
1542496500,US,kirakira,44.06,-103.15,266.15,99,90,2.22
1542497731,RU,zhongxing,59.36,143.24,269.32,99,88,3.92
1542497731,RU,yanchukan,51.88,45.01,261.195,60,8,2.97
1542495300,US,rio gallegos,47.43,-120.28,282.55,45,1,1.07
1542497732,GL,harlingen,60.14,-45.24,273.57,93,20,12.77
1542495600,CV,maragogi,16.18,-22.92,296.15,69,75,4.1
1542497733,GL,kuandian,61.99,-49.67,273.595,100,20,16.92
1542495600,AU,bria,-12.18,136.78,303.15,55,0,1.5
1542497733,AR,boddam,-38.31,-60.23,284.695,86,44,8.07
1542495600,ZA,kerchevskiy,-28.74,24.76,299.15,12,0,4.1
1542497734,KZ,bathsheba,51.13,71.43,267.345,92,92,4.12
1542495600,PT,zhanaozen,37.14,-8.45,289.15,82,40,14.9
1542495600,US,yialos,39.41,-74.36,279.25,70,1,2.1
1542493800,BN,archidona,5.28,115.24,298.15,88,75,1
1542495180,US,khowai,38.18,-83.43,281.45,63,1,1.37
1542495300,US,ugoofaaru,38.95,-92.33,278.75,81,90,6.7
1542496500,US,severo-kurilsk,34.62,-79.68,284.25,87,1,1.12
1542497737,RU,bastia,46.7,41.72,269.695,94,64,2.42
1542492000,NU,conchas,-19.06,-169.92,301.15,69,20,4.1
1542495600,NA,steamboat springs,-22.95,14.51,288.15,82,24,6.2
1542497467,BR,panji,-32.03,-52.1,293.845,100,92,4.77
1542495600,CA,warwick,55.1,-105.3,259.15,77,90,4.1
1542495600,MK,waipawa,42.2,22.33,277.15,80,90,1
1542497738,KZ,muros,49.63,72.87,264.62,87,88,4.47
1542497738,GF,quesnel,5.38,-52.96,299.22,100,80,4.47
1542497739,ID,shahr-e kord,-0.86,131.25,299.395,100,24,4.47
1542497739,BR,pedroso,-9.87,-56.08,298.12,95,12,0.52
1542497739,GL,marawi,65.42,-52.9,268.445,100,56,6.07
1542495600,EC,camacha,-0.39,-78.55,285.15,93,90,1.5
1542497740,RU,kamenskoye,54.43,31.9,271.57,95,92,5.57
1542497741,NZ,ostrovnoy,-45.19,169.32,282.145,57,48,2.27
1542497741,RU,pacific grove,69.41,86.18,256.745,87,56,8.17
1542495600,HN,mount gambier,15.09,-87.97,297.15,78,90,0.87
1542496500,US,verkhnechusovskiye gorodki,33.74,-80.8,284.85,100,1,2.57
1542495360,US,kristiansund,40.97,-117.74,285.35,39,1,6.2
1542497742,ML,cockburn town,18.9,-3.53,294.22,41,0,3.12
1542495720,US,chino valley,37.04,-100.92,271.45,88,90,7.7
1542497625,NZ,aswan,-45.87,170.5,283.72,89,100,4.77
1542495000,FI,santa maria,62.42,25.95,278.15,75,90,8.2
1542497744,TZ,altamont,-4.58,38.35,290.87,96,68,0.47
1542497744,RU,dongsheng,51.01,90.2,249.07,45,44,0.27
1542497744,NG,yamada,9.67,8.4,291.12,70,8,1.22
1542495600,JP,marsh harbour,37.52,140.86,280.15,75,75,2.6
1542497745,CN,luganville,28.28,88.52,254.62,57,0,0.27
1542497745,NZ,ocean city,-45.41,167.72,278.645,93,68,2.72
1542497745,CA,rapid valley,66.15,-65.72,254.295,100,0,1.52
1542495000,NO,okhotsk,69.65,18.96,274.15,94,20,2.6
1542497746,ET,atkarsk,9.35,42.8,280.895,84,0,0.87
1542497746,RU,east wenatchee bench,60.71,114.91,245.495,100,0,1.42
1542497746,RU,nanortalik,46.45,135.83,261.645,73,0,0.92
1542497747,ML,sal rei,13.81,-10.83,298.595,49,32,2.72
1542496440,DK,paamiut,56.62,8.18,274.15,93,24,1.5
1542495000,DE,nhulunbuy,51.25,13.96,272.15,80,0,1
1542497750,ID,barrow,4.47,97.97,294.595,100,88,0.92
1542497750,PH,kimberley,17.41,121.44,293.945,86,0,0.92
1542495000,DE,ruatoria,51.99,6.92,275.15,65,0,1.5
1542497751,NA,astana,-17.47,24.29,292.295,44,8,1.37
1542497751,SO,lagoa,9.49,50.81,299.07,100,0,6.72
1542497751,RU,brigantine,51.5,156.52,274.545,99,88,5.42
1542495780,US,victoria,58.3,-134.42,280.95,96,90,7.7
1542497752,VN,morehead,17.48,106.6,299.145,100,92,2.57
1542497752,ID,columbia,-7.94,110.25,298.845,84,44,1.82
1542497752,RU,bennettsville,65.37,58.04,272.195,93,92,1.42
1542497754,AR,proletarsk,-36.62,-64.29,289.595,30,0,5.02
1542494520,MX,alofi,27.92,-110.9,297.15,50,5,6.2
1542495360,US,walvis bay,33.95,-84.55,287.05,58,75,1.5
1542497755,CO,rio grande,3.87,-67.92,298.545,92,32,1.52
1542497755,BR,la ronge,-12.36,-44.97,296.645,76,64,3.12
1542495840,US,kriva palanka,20.89,-156.47,298.15,90,75,8.7
1542497756,RU,abay,57.8,158.67,261.495,71,0,2.72
1542497756,IL,sinnamary,31.42,34.59,280.745,89,0,1.22
1542495000,NO,sorong,58.89,5.65,279.15,93,90,1.5
1542495600,CY,alta floresta,34.81,32.42,291.15,71,20,3.1
1542495600,PE,maniitsoq,-16.02,-72.01,290.15,29,0,3.6
1542497757,IN,san cristobal,25.33,76.51,284.845,79,0,1.32
1542495600,NG,sobolevo,5.43,7.07,299.15,94,20,2.67
1542496140,CA,clyde,58.81,-122.69,260.15,84,90,2.1
1542497758,RU,dudinka,56.65,32.27,275.72,98,88,5.62
1542496500,US,amapa,34.73,-86.59,287.05,68,1,1.32
1542495600,BS,kleck,24.73,-77.79,298.15,61,40,4.1
1542495480,US,totness,34.11,-118.17,297.05,36,1,2.1
1542497760,ID,winnemucca,-2.08,101.38,293.345,96,80,0.87
1542497760,US,araouane,29.56,-104.41,286.245,25,0,1.17
1542495000,GB,liberal,54.08,-0.19,281.15,93,0,1.5
1542497761,UZ,dunedin,39.04,65.59,268.87,72,8,1.22
1542496860,US,laukaa,44.81,-73.08,274.25,92,90,2.1
1542497761,PG,cazaje,-2.57,150.8,300.72,100,92,1.57
1542495600,RS,mlalo,43.52,20.24,274.15,86,75,1
1542495000,DE,teeli,51.47,11.3,271.15,100,0,1.5
1542495600,AU,matagami,-32.49,137.76,297.15,36,0,2.6
1542497763,NE,namie,14.97,8.88,289.295,36,8,1.42
1542495600,PE,gamba,-16.45,-71.58,290.15,29,0,3.6
1542497763,NE,te anau,13.21,12.02,292.395,51,32,1.57
1542495600,PH,pangnirtung,14.94,120.6,300.15,83,40,2.1
1542495420,US,tromso,21.39,-157.74,300.35,71,90,5.7
1542497765,PE,jijiga,-12.06,-77.04,290.22,61,8,1.22
1542497765,IN,lensk,24.14,74.05,290.395,66,0,1.52
1542497766,GH,vostok,4.89,-1.75,300.595,100,24,2.87
1542495600,MA,bafoulabe,35.17,-2.93,291.15,88,88,4.1
1542495600,CN,ust-bolsheretsk,35.88,119.98,279.15,70,80,2
1542497499,CI,harboore,7.41,-7.55,293.545,97,64,1.97
1542497767,RU,reichenau,69.49,88.39,257.995,86,64,1.32
1542497767,AR,mutsamudu,-33.3,-66.34,293.87,26,0,7.02
1542495600,BR,sorkjosen,-9.67,-35.74,298.15,83,20,4.6
1542496500,US,langsa,41.28,-70.1,279.85,62,90,7.37
1542497768,ET,tabuk,10.07,34.53,290.295,65,32,0.92
1542497769,KZ,stadtlohn,44.18,66.74,261.095,74,0,2.42
1542497769,MG,tumannyy,-22.4,46.13,287.47,91,12,1.12
1542497747,AR,sesheke,-31.62,-60.7,293.845,74,0,8.82
1542497770,RU,bandarbeyla,47.12,43.89,270.195,77,68,2.12
1542495360,US,ozernovskiy,37.08,-121.61,292.15,69,1,3.6
1542497771,AR,juneau,-29.41,-66.86,299.145,35,0,1.42
1542495600,BR,dong hoi,-5.13,-49.33,300.15,83,0,1
1542497772,VU,srandakan,-19.55,169.27,296.945,100,68,3.82
1542497772,ID,synya,-9.11,124.89,301.37,100,8,0.62
1542497772,CN,santa rosa,50.78,121.52,254.895,71,0,2.67
1542495600,HT,wolmaranstad,18.23,-72.32,301.15,78,20,2.6
1542497773,RU,guaymas,53.74,127.27,248.595,73,0,1.07
1542497773,RU,marietta,64.9,45.76,275.595,98,92,1.82
1542495480,US,inirida,64.84,-147.72,258.75,88,1,1.67
1542497774,CI,sao desiderio,4.42,-7.36,299.245,100,64,4.07
1542497774,RU,kahului,52.31,45.39,264.12,63,36,4.02
1542495000,NO,tigil,62.58,6.12,279.15,100,8,2.1
1542497775,PH,netivot,15.88,120.59,298.645,84,0,0.67
1542492000,AU,sakakah,-34.58,150.85,292.15,59,40,4.6
1542497775,MG,sola,-25.17,45.06,291.495,89,0,2.42
1542495600,DZ,emba,27.87,-0.29,288.15,47,68,4.1
1542497520,CA,lluta,47.44,-70.51,265.87,82,8,2.77
1542497776,RU,mangrol,69.3,139.9,241.195,37,0,0.52
1542497777,RU,naze,62.86,42.71,275.445,97,80,2.87
1542497777,PY,malwan,-19.93,-60.77,304.345,55,0,6.32
1542497777,CD,fort nelson,0.52,25.21,295.82,97,44,1.07
1542495180,US,andreapol,46.41,-105.84,269.25,59,1,4.1
1542497778,BR,huntsville,-9.83,-45.34,296.57,86,0,1.17
1542497778,RU,andros town,43.95,131.63,267.095,62,12,1.62
1542495600,RU,riaba,44.7,37.6,273.15,100,80,5
1542492000,AU,olga,-34.67,150.86,292.15,59,40,4.6
1542495180,US,sungaipenuh,33.77,-89.81,287.55,59,1,1.17
1542497780,BD,ojinaga,22.31,89.79,294.245,91,24,1.37
1542495600,FR,bridlington,43.74,-0.62,283.15,93,0,3.6
1542497780,IN,koson,28.17,94.8,283.37,98,32,0.77
1542497781,ID,saryshagan,-7.37,108.54,297.145,92,12,1.37
1542497781,ES,saint albans,39.29,-2.79,281.645,92,56,6.92
1542497782,ID,kavieng,-7.35,109.91,296.395,92,32,1.52
1542495600,PF,mana,-17.73,-149.15,301.15,78,75,4.1
1542495600,CN,sangerhausen,30.42,103.46,280.15,100,20,2
1542497782,RU,port augusta,46.05,38.18,272.82,100,76,3.87
1542497783,AO,hunza,-15.19,12.15,296.145,100,0,0.52
1542497783,CL,tanout,-28.58,-70.76,289.82,72,0,0.87
1542495240,US,junin,41.53,-109.47,264.85,80,20,5.1
1542495600,IR,lolua,35.58,53.39,282.15,66,0,1
1542497784,CG,maine-soroa,-0.49,15.91,295.895,94,20,1.07
1542495600,CA,lubao,60.72,-135.06,272.15,86,40,5.1
1542497784,AU,safaga,-23.53,148.16,301.22,54,44,4.47
1542497785,NA,ambodifototra,-17.91,19.77,300.07,19,88,3.17
1542497785,MZ,kailua,-11.38,38.46,298.37,76,24,3.32
1542495600,SN,lima,15.62,-16.22,293.15,88,0,2.1
1542495660,US,toliary,40.58,-86.19,276.45,93,90,2.6
1542497786,IN,salumbar,20.71,83.13,289.045,81,0,0.47
1542497787,SN,takoradi,15.11,-16.62,296.72,79,92,6.27
1542497787,CN,nador,35.6,103.21,257.595,73,0,1.17
1542497787,MG,jiaonan,-13.19,49.05,296.87,67,32,4.22
1542497787,BR,man,-9.17,-60.63,298.045,94,36,0.77
1542495300,BM,atka,32.3,-64.78,293.15,88,90,5.7
1542497788,ID,talnakh,-0.92,100.36,300.595,100,92,3.02
1542497789,ZM,san luis,-13.55,23.12,294.12,70,36,1.87
1542497789,BR,maceio,-18.36,-44.46,297.595,62,24,4.37
1542495600,SA,ipora,18.39,42.45,287.15,58,0,2.07
